track_id,track_name,track_artist,track_popularity,track_album_id,track_album_name,track_album_release_date,playlist_name,playlist_id,playlist_genre,playlist_subgenre,danceability,energy,key,loudness,mode,speechiness,acousticness,instrumentalness,liveness,valence,tempo,duration_ms,date_clean,year,decades
6oJ6le65B3SEqPwMRNXWjY,Higher Love,Kygo,87,4wquJImu8RtyEuDtIAsfcE,Higher Love,2019-06-28,Pop Remix,37i9dQZF1DXcZDD7cfEKhW,pop,dance pop,0.693,0.678,8,-7.159,1,0.0324,0.0154,6.05e-06,0.101,0.404,103.952,228267,2019-06-28,2019,2010s
5PYQUBXc7NYeI1obMKSJK0,Never Really Over,Katy Perry,85,3KjXg0MDej2pG9fv6I22lT,Never Really Over,2019-05-31,Dance Pop,37i9dQZF1DWZQaaqNMbbXa,pop,dance pop,0.77,0.882,8,-4.792,1,0.0602,0.194,0.0,0.316,0.385,99.991,223523,2019-05-31,2019,2010s
5WHTFyqSii0lmT9R21abT8,Don't Call Me Up,Mabel,85,0syM7OUAhV7S6XmOa4nLUZ,Ivy To Roses (Mixtape),2019-01-18,Dance Pop,37i9dQZF1DWZQaaqNMbbXa,pop,dance pop,0.674,0.881,9,-2.853,1,0.147,0.296,3.01e-06,0.0793,0.234,98.994,178480,2019-01-18,2019,2010s
7BKLCZ1jbUBVqRi2FVlTVw,Closer (feat. Halsey),The Chainsmokers,85,0rSLgV8p5FzfnqlEk4GzxE,Closer (feat. Halsey),2016-07-29,Dance Pop,37i9dQZF1DWZQaaqNMbbXa,pop,dance pop,0.748,0.524,8,-5.599,1,0.0338,0.414,0.0,0.111,0.661,95.01,244960,2016-07-29,2016,2010s
6cy3ki60hLwimwIje7tALf,RITMO (Bad Boys For Life),The Black Eyed Peas,96,6EobpC5SDFy5DF50dWNVGF,RITMO (Bad Boys For Life),2019-10-12,Dance Pop,37i9dQZF1DWZQaaqNMbbXa,pop,dance pop,0.721,0.716,10,-7.037,0,0.0657,0.0334,0.00084,0.237,0.667,104.994,221714,2019-10-12,2019,2010s
0qaWEvPkts34WF68r8Dzx9,Turn Me On (feat. Vula),Riton,86,7mtnp7B5yFt3D3PAznGzc8,Turn Me On (feat. Vula),2019-09-13,Dance Pop,37i9dQZF1DWZQaaqNMbbXa,pop,dance pop,0.737,0.828,11,-4.711,1,0.0396,0.0149,0.000583,0.0862,0.517,124.052,208474,2019-09-13,2019,2010s
7ef4DlsgrMEH11cDZd32M6,One Kiss (with Dua Lipa),Calvin Harris,85,7GEzhoTiqcPYkOprWQu581,One Kiss (with Dua Lipa),2018-04-06,Dance Pop,37i9dQZF1DWZQaaqNMbbXa,pop,dance pop,0.791,0.862,9,-3.24,0,0.11,0.037,2.19e-05,0.0814,0.592,123.994,214847,2018-04-06,2018,2010s
7CHi4DtfK4heMlQaudCuHK,Lose Control,MEDUZA,91,1qSOaTvsCOyFJya3v1UzkP,Lose Control,2019-10-11,Dance Room,37i9dQZF1DX2ENAPP1Tyed,pop,dance pop,0.598,0.526,10,-8.659,0,0.0415,0.129,0.0,0.14,0.529,123.935,168387,2019-10-11,2019,2010s
25sgk305KZfyuqVBQIahim,Sweet but Psycho,Ava Max,87,7CdLU3GgPy1PH5FVsrPlyA,Sweet but Psycho,2018-08-17,Pop Warmup 130 BPM,37i9dQZF1DX3PIAZMcbo2T,pop,dance pop,0.719,0.704,1,-4.724,1,0.0476,0.0691,0.0,0.166,0.628,133.002,187436,2018-08-17,2018,2010s
2Fxmhks0bxGSBdJ92vM42m,bad guy,Billie Eilish,95,0S0KGZnfBGSIssfF54WSJh,"WHEN WE ALL FALL ASLEEP, WHERE DO WE GO?",2019-03-29,Pop Warmup 130 BPM,37i9dQZF1DX3PIAZMcbo2T,pop,dance pop,0.701,0.425,7,-10.965,1,0.375,0.328,0.13,0.1,0.562,135.128,194088,2019-03-29,2019,2010s
5KawlOMHjWeUjQtnuRs22c,Boy With Luv (feat. Halsey),BTS,85,1AvXa8xFEXtR3hb4bgihIK,MAP OF THE SOUL : PERSONA,2019-04-12,K-Party Dance Mix,37i9dQZF1DX4RDXswvP6Mj,pop,dance pop,0.645,0.862,11,-4.757,0,0.0965,0.0923,0.0,0.192,0.798,119.991,229773,2019-04-12,2019,2010s
0bMbDctzMmTyK2j74j3nF3,"Alone, Pt. II",Alan Walker,85,700MviIgFKNTldTXmOAFOr,"Alone, Pt. II",2019-12-27,Dance Pop Tunes,4SdfG4cPG3skmTiQLozZGh,pop,dance pop,0.67,0.668,3,-4.306,0,0.0422,0.536,0.0,0.133,0.608,88.033,179053,2019-12-27,2019,2010s
3TKpJrY9q49Mj1JOsM9zGL,Family,The Chainsmokers,85,01GR4NL5O5CZM51k0aejKD,World War Joy,2019-12-06,Dance Pop Tunes,4SdfG4cPG3skmTiQLozZGh,pop,dance pop,0.584,0.607,11,-6.605,1,0.0356,0.426,0.0,0.101,0.374,117.817,194827,2019-12-06,2019,2010s
24Yi9hE78yPEbZ4kxyoXAI,Roses - Imanbek Remix,SAINt JHN,88,3GqSdhWjmMypMwPLtzoFYs,Roses (Imanbek Remix),2019-10-09,Dance Pop Tunes,4SdfG4cPG3skmTiQLozZGh,pop,dance pop,0.77,0.724,8,-5.484,1,0.0495,0.0167,0.0105,0.353,0.898,121.974,176840,2019-10-09,2019,2010s
6Qs4SXO9dwPj5GKvVOv8Ki,Dancing With A Stranger (with Normani),Sam Smith,87,1V9oE8bVilClrk5naqyyvL,Dancing With A Stranger (with Normani),2019-01-11,Dance Pop Tunes,4SdfG4cPG3skmTiQLozZGh,pop,dance pop,0.741,0.52,8,-7.513,1,0.0656,0.45,1.97e-06,0.222,0.347,102.998,171030,2019-01-11,2019,2010s
2tnVG71enUj33Ic2nFN6kZ,Ride It,Regard,94,4zOhjJfe0dwqsNdDYk622E,Ride It,2019-07-26,Pop / Dance,6mXh8CUBMBsBUu88a4eAQV,pop,dance pop,0.88,0.751,7,-4.258,0,0.0874,0.177,6.43e-05,0.106,0.884,117.948,157606,2019-07-26,2019,2010s
4hPpVbbakQNv8YTHYaOJP4,One Thing Right,Marshmello,85,4QAC6FquY8D0RXom13iE5J,One Thing Right,2019-06-21,Pop / Dance,6mXh8CUBMBsBUu88a4eAQV,pop,dance pop,0.659,0.623,4,-2.253,1,0.0451,0.0667,0.0,0.582,0.439,88.042,181824,2019-06-21,2019,2010s
7k4t7uLgtOxPwTpFmtJNTY,Tusa,KAROL G,98,7mKevNHhVnZER3BLgI8O4F,Tusa,2019-11-07,Todo √âxitos,2ji5tRQVfnhaX1w9FhmSzk,pop,dance pop,0.803,0.715,2,-3.28,1,0.298,0.295,0.000134,0.0574,0.574,101.085,200960,2019-11-07,2019,2010s
3ZCTVFBt2Brf31RLEnCkWJ,everything i wanted,Billie Eilish,97,4i3rAwPw7Ln2YrKDusaWyT,everything i wanted,2019-11-13,Todo √âxitos,2ji5tRQVfnhaX1w9FhmSzk,pop,dance pop,0.704,0.225,6,-14.454,0,0.0994,0.902,0.657,0.106,0.243,120.006,245426,2019-11-13,2019,2010s
41L3O37CECZt3N7ziG2z7l,Yummy,Justin Bieber,95,1SN6N3fNkZk5oXQ9X46QZ3,Yummy,2020-01-03,Todo √âxitos,2ji5tRQVfnhaX1w9FhmSzk,pop,dance pop,0.662,0.519,9,-6.554,0,0.106,0.404,0.0,0.121,0.495,145.841,210427,2020-01-03,2020,
6RyaV7owmVU6fzEPE17sF1,Que Tire Pa Lante,Daddy Yankee,90,155yGQqPxsYkhV7zQyL95t,Que Tire Pa Lante,2019-10-18,Todo √âxitos,2ji5tRQVfnhaX1w9FhmSzk,pop,dance pop,0.658,0.901,7,-2.814,1,0.0357,0.0478,0.0,0.12,0.708,93.979,210520,2019-10-18,2019,2010s
2usxQITOSDqvkYiI0oIwao,You should be sad,Halsey,86,1gBDGPFz9v93dxE3fUU9eO,You should be sad,2020-01-10,Todo √âxitos,2ji5tRQVfnhaX1w9FhmSzk,pop,dance pop,0.591,0.585,2,-6.35,1,0.0277,0.143,0.0,0.109,0.324,110.94,205473,2020-01-10,2020,
59s0s39NFWScuHDbHytI14,Indeciso,Reik,88,4qecT0ZJrf35thz2WaEm6P,Indeciso,2019-08-23,Todo √âxitos,2ji5tRQVfnhaX1w9FhmSzk,pop,dance pop,0.738,0.748,0,-4.902,1,0.0453,0.182,0.0,0.11,0.896,94.949,217253,2019-08-23,2019,2010s
2ksOAxtIxY8yElEWw8RhgK,China,Anuel AA,93,1PTTAq0OxggVgqP5WTYWDh,China,2019-07-19,Todo √âxitos,2ji5tRQVfnhaX1w9FhmSzk,pop,dance pop,0.786,0.808,7,-3.702,1,0.0882,0.0846,0.000289,0.0822,0.609,105.027,301714,2019-07-19,2019,2010s
3jbT1Y5MoPwEIpZndDDwVq,Adicto (with Anuel AA & Ozuna),Tainy,90,7nqA49hzXJWPH4cnM8nk6x,Adicto (with Anuel AA & Ozuna),2019-08-22,Todo √âxitos,2ji5tRQVfnhaX1w9FhmSzk,pop,dance pop,0.734,0.836,10,-4.803,0,0.0735,0.017,1.64e-05,0.179,0.623,80.002,270741,2019-08-22,2019,2010s
2rc7BkzO8qepMFAxHtOrXc,Blanco,J Balvin,88,5mcUbpuVL0i5q4cECQ6cV4,Blanco,2019-11-15,Todo √âxitos,2ji5tRQVfnhaX1w9FhmSzk,pop,dance pop,0.87,0.706,9,-5.395,0,0.126,0.0253,0.0063,0.0872,0.593,100.013,145800,2019-11-15,2019,2010s
0TK2YIli7K1leLovkQiNik,Se√±orita,Shawn Mendes,93,2ZaX1FdZCwchXl1QZiD4O4,Se√±orita,2019-06-21,Todo √âxitos,2ji5tRQVfnhaX1w9FhmSzk,pop,dance pop,0.759,0.54,9,-6.039,0,0.0287,0.037,0.0,0.0945,0.75,116.947,190960,2019-06-21,2019,2010s
2b8fOow8UzyDFAE27YhOZM,Memories,Maroon 5,98,3nR9B40hYLKLcR0Eph3Goc,Memories,2019-09-20,Todo √âxitos,2ji5tRQVfnhaX1w9FhmSzk,pop,dance pop,0.764,0.32,11,-7.209,1,0.0546,0.837,0.0,0.0822,0.575,91.019,189486,2019-09-20,2019,2010s
0sf12qNH5qcw8qpgymFOqD,Blinding Lights,The Weeknd,98,2ZfHkwHuoAZrlz7RMj0PDz,Blinding Lights,2019-11-29,Todo √âxitos,2ji5tRQVfnhaX1w9FhmSzk,pop,dance pop,0.513,0.796,1,-4.075,1,0.0629,0.00147,0.000209,0.0938,0.345,171.017,201573,2019-11-29,2019,2010s
7qEHsqek33rTcFNT9PFqLf,Someone You Loved,Lewis Capaldi,94,5658aM19fA3JVwTK6eQX70,Divinely Uninspired To A Hellish Extent,2019-05-17,Todo √âxitos,2ji5tRQVfnhaX1w9FhmSzk,pop,dance pop,0.501,0.405,1,-5.679,1,0.0319,0.751,0.0,0.105,0.446,109.891,182161,2019-05-17,2019,2010s
6Gg1gjgKi2AK4e0qzsR7sd,Bandit (with YoungBoy Never Broke Again),Juice WRLD,92,3t6Z2qoBVCS4NHNI25XECH,Bandit (with YoungBoy Never Broke Again),2019-10-04,Todo √âxitos,2ji5tRQVfnhaX1w9FhmSzk,pop,dance pop,0.474,0.631,5,-5.884,0,0.343,0.0687,0.0,0.132,0.425,180.051,189323,2019-10-04,2019,2010s
0fea68AdmYNygeTGI4RC18,LA CANCI√ìN,J Balvin,91,6ylFfzx32ICw4L1A7YWNLN,OASIS,2019-06-28,Todo √âxitos,2ji5tRQVfnhaX1w9FhmSzk,pop,dance pop,0.754,0.646,7,-5.795,1,0.317,0.152,1.85e-05,0.108,0.429,176.089,242573,2019-06-28,2019,2010s
3cphb8kdsjElYR7r5icK3H,Nice To Meet Ya,Niall Horan,87,3KrYBAbfxlssMirZLs6HzZ,Nice To Meet Ya,2019-10-04,Todo √âxitos,2ji5tRQVfnhaX1w9FhmSzk,pop,dance pop,0.591,0.841,4,-4.351,0,0.0304,0.0119,0.0,0.395,0.392,109.034,158805,2019-10-04,2019,2010s
57vxBYXtHMk6H1aD29V7PU,Heartless,The Weeknd,93,7vRcickwa6GCfY1qKKe4lK,Heartless,2019-11-27,Todo √âxitos,2ji5tRQVfnhaX1w9FhmSzk,pop,dance pop,0.531,0.75,10,-5.831,0,0.111,0.00632,7.6e-05,0.117,0.198,169.954,200080,2019-11-27,2019,2010s
5w9c2J52mkdntKOmRLeM2m,Con Calma,Daddy Yankee,87,1otwHKoQ5KPaiekpYk4tWh,Con Calma,2019-01-24,Todo √âxitos,2ji5tRQVfnhaX1w9FhmSzk,pop,dance pop,0.737,0.86,8,-2.652,0,0.0593,0.11,1.94e-06,0.0574,0.656,93.989,193227,2019-01-24,2019,2010s
3i9UVldZOE0aD0JnyfAZZ0,Lover (Remix) [feat. Shawn Mendes],Taylor Swift,85,2UfvnX1YYeC2cExMQTMbXC,Lover (Remix) [feat. Shawn Mendes],2019-11-13,Todo √âxitos,2ji5tRQVfnhaX1w9FhmSzk,pop,dance pop,0.448,0.603,7,-7.176,1,0.064,0.433,0.0,0.0862,0.422,205.272,221307,2019-11-13,2019,2010s
1HfMVBKM75vxSfsQ5VefZ5,Lose You To Love Me,Selena Gomez,93,3tBkjgxDqAwss76O1YHsSY,Lose You To Love Me,2019-10-23,Todo √âxitos,2ji5tRQVfnhaX1w9FhmSzk,pop,dance pop,0.505,0.34,4,-9.005,1,0.0438,0.576,0.0,0.21,0.0916,101.993,206459,2019-10-23,2019,2010s
7ce20yLkzuXXLUhzIDoZih,Before You Go,Lewis Capaldi,90,0488X5veBK6t3vSmIiTDJY,Before You Go,2019-11-19,Todo √âxitos,2ji5tRQVfnhaX1w9FhmSzk,pop,dance pop,0.459,0.575,3,-4.858,1,0.0573,0.604,0.0,0.0885,0.183,111.881,215107,2019-11-19,2019,2010s
1c0hsvHLELX6y8qymnpLKL,Soltera - Remix,Lunay,85,2m9Vuc9Q19qhSm6RQmBgsR,Soltera (Remix),2019-05-10,Todo √âxitos,2ji5tRQVfnhaX1w9FhmSzk,pop,dance pop,0.795,0.783,5,-4.271,1,0.0432,0.361,0.0,0.437,0.8,92.016,266087,2019-05-10,2019,2010s
5ZULALImTm80tzUbYQYM9d,Dance Monkey,Tones and I,92,2pJXQvY0YeDvVJ9gMU9G7j,The Kids Are Coming,2019-08-29,Pop Dance Hits,7eERKCkgNKCCx5GYdeMIZf,pop,dance pop,0.824,0.588,6,-6.4,0,0.0924,0.692,0.000104,0.149,0.513,98.027,209438,2019-08-29,2019,2010s
7HMmFQsKsljwTw8bS7lu19,Rare,Selena Gomez,88,3YPFaTR7WMi1Hd4NVKdCJx,Rare,2020-01-10,TUNES DANCE AND POP,3arpkhoRWXEYbdCpVAIrRR,pop,dance pop,0.838,0.545,5,-6.713,1,0.0706,0.208,8.01e-05,0.103,0.631,114.998,220590,2020-01-10,2020,
6v3KW9xbzN5yKLt9YKDYA2,Se√±orita,Shawn Mendes,88,0xzScN8P3hQAz3BT3YYX5w,Shawn Mendes (Deluxe),2019-06-19,TUNES DANCE AND POP,3arpkhoRWXEYbdCpVAIrRR,pop,dance pop,0.759,0.548,9,-6.049,0,0.029,0.0392,0.0,0.0828,0.749,116.967,190800,2019-06-19,2019,2010s
1M4qEo4HE3PRaCOM7EXNJq,Adore You,Harry Styles,91,5SL9nXZYZZl68bHwaM8uLa,Adore You,2019-12-06,TUNES DANCE AND POP,3arpkhoRWXEYbdCpVAIrRR,pop,dance pop,0.676,0.771,8,-3.675,1,0.0483,0.0237,7e-06,0.102,0.569,99.048,207133,2019-12-06,2019,2010s
7qiZfU4dY1lWllzX7mPBI3,Shape of You,Ed Sheeran,86,3T4tUhGYeRNVUGevb0wThu,√∑ (Deluxe),2017-03-03,Pop Ingl√©s (2020 - 2010s)üíô M√∫sica En Ingl√©s 2010s,4QAzO1Z92yqqD6Mf3mOANu,pop,dance pop,0.825,0.652,1,-3.183,0,0.0802,0.581,0.0,0.0931,0.931,95.977,233713,2017-03-03,2017,2010s
2W4yABdLc4Jnds67Poi5Nl,Yellow Hearts,Ant Saunders,89,7L5mva8yC5ctamvs4XzgpR,Yellow Hearts,2019-06-18,Pop Ingl√©s (2020 - 2010s)üíô M√∫sica En Ingl√©s 2010s,4QAzO1Z92yqqD6Mf3mOANu,pop,dance pop,0.865,0.438,7,-8.943,1,0.0719,0.177,0.0,0.0743,0.695,129.038,223258,2019-06-18,2019,2010s
3U4isOIWM3VvDubwSI3y7a,All of Me,John Legend,85,4OTAx9un4e6NfoHuVRiOrC,Love In The Future (Expanded Edition),2013-08-30,Pop Ingl√©s (2020 - 2010s)üíô M√∫sica En Ingl√©s 2010s,4QAzO1Z92yqqD6Mf3mOANu,pop,dance pop,0.422,0.264,8,-7.064,1,0.0322,0.922,0.0,0.132,0.331,119.93,269560,2013-08-30,2013,2010s
7LzouaWGFCy4tkXDOOnEyM,Liar,Camila Cabello,87,3xgS4rfthlsvhW7J2WLiiR,Liar,2019-09-04,Pop Ingl√©s (2020 - 2010s)üíô M√∫sica En Ingl√©s 2010s,4QAzO1Z92yqqD6Mf3mOANu,pop,dance pop,0.74,0.498,11,-6.684,0,0.0456,0.0169,0.00282,0.319,0.652,98.016,207039,2019-09-04,2019,2010s
1HfMVBKM75vxSfsQ5VefZ5,Lose You To Love Me,Selena Gomez,93,3tBkjgxDqAwss76O1YHsSY,Lose You To Love Me,2019-10-23,Pop - Pop UK - 2019 - Canadian Pop - 2019 - Pop,46Cl6dmeiylK6TRGXr7hHe,pop,post-teen pop,0.505,0.34,4,-9.005,1,0.0438,0.576,0.0,0.21,0.0916,101.993,206459,2019-10-23,2019,2010s
2b8fOow8UzyDFAE27YhOZM,Memories,Maroon 5,98,3nR9B40hYLKLcR0Eph3Goc,Memories,2019-09-20,Pop - Pop UK - 2019 - Canadian Pop - 2019 - Pop,46Cl6dmeiylK6TRGXr7hHe,pop,post-teen pop,0.764,0.32,11,-7.209,1,0.0546,0.837,0.0,0.0822,0.575,91.019,189486,2019-09-20,2019,2010s
21jGcNKet2qwijlDFuPiPb,Circles,Post Malone,98,4g1ZRSobMefqF6nelkgibi,Hollywood's Bleeding,2019-09-06,Pop - Pop UK - 2019 - Canadian Pop - 2019 - Pop,46Cl6dmeiylK6TRGXr7hHe,pop,post-teen pop,0.695,0.762,0,-3.497,1,0.0395,0.192,0.00244,0.0863,0.553,120.042,215280,2019-09-06,2019,2010s
6WrI0LAC5M1Rw2MnX2ZvEg,Don't Start Now,Dua Lipa,97,0ix3XtPV1LwmZADsprKxcp,Don't Start Now,2019-10-31,Pop - Pop UK - 2019 - Canadian Pop - 2019 - Pop,46Cl6dmeiylK6TRGXr7hHe,pop,post-teen pop,0.794,0.793,11,-4.521,0,0.0842,0.0125,0.0,0.0952,0.677,123.941,183290,2019-10-31,2019,2010s
3eekarcy7kvN4yt5ZFzltW,HIGHEST IN THE ROOM,Travis Scott,94,2uDTi1PlpSpvAv7IRAoAEU,HIGHEST IN THE ROOM,2019-10-04,Pop - Pop UK - 2019 - Canadian Pop - 2019 - Pop,46Cl6dmeiylK6TRGXr7hHe,pop,post-teen pop,0.598,0.427,7,-8.764,0,0.0317,0.0546,5.83e-06,0.21,0.0605,76.469,175721,2019-10-04,2019,2010s
7qEHsqek33rTcFNT9PFqLf,Someone You Loved,Lewis Capaldi,94,5658aM19fA3JVwTK6eQX70,Divinely Uninspired To A Hellish Extent,2019-05-17,Pop - Pop UK - 2019 - Canadian Pop - 2019 - Pop,46Cl6dmeiylK6TRGXr7hHe,pop,post-teen pop,0.501,0.405,1,-5.679,1,0.0319,0.751,0.0,0.105,0.446,109.891,182161,2019-05-17,2019,2010s
6v3KW9xbzN5yKLt9YKDYA2,Se√±orita,Shawn Mendes,88,0xzScN8P3hQAz3BT3YYX5w,Shawn Mendes (Deluxe),2019-06-19,Pop - Pop UK - 2019 - Canadian Pop - 2019 - Pop,46Cl6dmeiylK6TRGXr7hHe,pop,post-teen pop,0.759,0.548,9,-6.049,0,0.029,0.0392,0.0,0.0828,0.749,116.967,190800,2019-06-19,2019,2010s
7aiClxsDWFRQ0Kzk5KI5ku,hot girl bummer,blackbear,94,37CqAwxTungNxKpIK5vSgE,hot girl bummer,2019-08-23,Pop - Pop UK - 2019 - Canadian Pop - 2019 - Pop,46Cl6dmeiylK6TRGXr7hHe,pop,post-teen pop,0.778,0.559,6,-7.109,0,0.0776,0.128,0.0,0.399,0.678,129.989,185093,2019-08-23,2019,2010s
6cy3ki60hLwimwIje7tALf,RITMO (Bad Boys For Life),The Black Eyed Peas,96,6EobpC5SDFy5DF50dWNVGF,RITMO (Bad Boys For Life),2019-10-12,Pop - Pop UK - 2019 - Canadian Pop - 2019 - Pop,46Cl6dmeiylK6TRGXr7hHe,pop,post-teen pop,0.721,0.716,10,-7.037,0,0.0657,0.0334,0.00084,0.237,0.667,104.994,221714,2019-10-12,2019,2010s
2QpGZOhTCHHiKmpSO9FW4h,Follow God,Kanye West,85,0FgZKfoU2Br5sHOfvZKTI9,JESUS IS KING,2019-10-25,Pop - Pop UK - 2019 - Canadian Pop - 2019 - Pop,46Cl6dmeiylK6TRGXr7hHe,pop,post-teen pop,0.529,0.9,1,-3.503,1,0.418,0.000248,1.21e-05,0.0426,0.434,180.291,104591,2019-10-25,2019,2010s
2wrJq5XKLnmhRXHIAf9xBa,"10,000 Hours (with Justin Bieber)",Dan + Shay,91,4ow6xJwn49gpWz7iHpOzWY,"10,000 Hours (with Justin Bieber)",2019-10-04,Pop - Pop UK - 2019 - Canadian Pop - 2019 - Pop,46Cl6dmeiylK6TRGXr7hHe,pop,post-teen pop,0.654,0.63,10,-4.644,1,0.0259,0.153,0.0,0.111,0.43,89.991,167693,2019-10-04,2019,2010s
2tnVG71enUj33Ic2nFN6kZ,Ride It,Regard,94,4zOhjJfe0dwqsNdDYk622E,Ride It,2019-07-26,Pop - Pop UK - 2019 - Canadian Pop - 2019 - Pop,46Cl6dmeiylK6TRGXr7hHe,pop,post-teen pop,0.88,0.751,7,-4.258,0,0.0874,0.177,6.43e-05,0.106,0.884,117.948,157606,2019-07-26,2019,2010s
70eFcWOvlMObDhURTqT4Fv,Beautiful People (feat. Khalid),Ed Sheeran,85,3oIFxDIo2fwuk4lwCmFZCx,No.6 Collaborations Project,2019-07-12,Pop - Pop UK - 2019 - Canadian Pop - 2019 - Pop,46Cl6dmeiylK6TRGXr7hHe,pop,post-teen pop,0.64,0.648,5,-8.113,0,0.187,0.124,0.0,0.0802,0.548,92.977,197867,2019-07-12,2019,2010s
4yI3HpbSFSgFZtJP2kDe5m,Look At Her Now,Selena Gomez,86,4O04QLiB0lGHQlygXxiMuX,Look At Her Now,2019-10-24,Pop - Pop UK - 2019 - Canadian Pop - 2019 - Pop,46Cl6dmeiylK6TRGXr7hHe,pop,post-teen pop,0.563,0.564,10,-7.906,0,0.271,0.114,0.0254,0.304,0.55,154.355,162596,2019-10-24,2019,2010s
6b2RcmUt1g9N9mQ3CbjX2Y,How Do You Sleep?,Sam Smith,91,7baaCf70tVcUBL2bbkuXjo,How Do You Sleep?,2019-07-19,Pop - Pop UK - 2019 - Canadian Pop - 2019 - Pop,46Cl6dmeiylK6TRGXr7hHe,pop,post-teen pop,0.477,0.682,1,-4.931,0,0.0925,0.153,0.0,0.0763,0.345,110.567,202205,2019-07-19,2019,2010s
2Fxmhks0bxGSBdJ92vM42m,bad guy,Billie Eilish,95,0S0KGZnfBGSIssfF54WSJh,"WHEN WE ALL FALL ASLEEP, WHERE DO WE GO?",2019-03-29,Pop - Pop UK - 2019 - Canadian Pop - 2019 - Pop,46Cl6dmeiylK6TRGXr7hHe,pop,post-teen pop,0.701,0.425,7,-10.965,1,0.375,0.328,0.13,0.1,0.562,135.128,194088,2019-03-29,2019,2010s
6Gg1gjgKi2AK4e0qzsR7sd,Bandit (with YoungBoy Never Broke Again),Juice WRLD,92,3t6Z2qoBVCS4NHNI25XECH,Bandit (with YoungBoy Never Broke Again),2019-10-04,Pop - Pop UK - 2019 - Canadian Pop - 2019 - Pop,46Cl6dmeiylK6TRGXr7hHe,pop,post-teen pop,0.474,0.631,5,-5.884,0,0.343,0.0687,0.0,0.132,0.425,180.051,189323,2019-10-04,2019,2010s
2ksOAxtIxY8yElEWw8RhgK,China,Anuel AA,93,1PTTAq0OxggVgqP5WTYWDh,China,2019-07-19,Pop - Pop UK - 2019 - Canadian Pop - 2019 - Pop,46Cl6dmeiylK6TRGXr7hHe,pop,post-teen pop,0.786,0.808,7,-3.702,1,0.0882,0.0846,0.000289,0.0822,0.609,105.027,301714,2019-07-19,2019,2010s
1iQDltZqI7BXnHrFy4Qo1k,Trampoline (with ZAYN),SHAED,90,5QqqBZmdQmY1MvlnpBkagB,Trampoline (with ZAYN),2019-09-26,Pop - Pop UK - 2019 - Canadian Pop - 2019 - Pop,46Cl6dmeiylK6TRGXr7hHe,pop,post-teen pop,0.619,0.459,7,-5.782,0,0.0334,0.56,0.0,0.137,0.498,126.803,184280,2019-09-26,2019,2010s
4vUmTMuQqjdnvlZmAH61Qk,South of the Border (feat. Camila Cabello & Cardi B),Ed Sheeran,91,3oIFxDIo2fwuk4lwCmFZCx,No.6 Collaborations Project,2019-07-12,Pop - Pop UK - 2019 - Canadian Pop - 2019 - Pop,46Cl6dmeiylK6TRGXr7hHe,pop,post-teen pop,0.857,0.621,9,-6.376,0,0.0824,0.148,0.0,0.0865,0.668,97.986,204467,2019-07-12,2019,2010s
7LzouaWGFCy4tkXDOOnEyM,Liar,Camila Cabello,87,3xgS4rfthlsvhW7J2WLiiR,Liar,2019-09-04,Pop - Pop UK - 2019 - Canadian Pop - 2019 - Pop,46Cl6dmeiylK6TRGXr7hHe,pop,post-teen pop,0.74,0.498,11,-6.684,0,0.0456,0.0169,0.00282,0.319,0.652,98.016,207039,2019-09-04,2019,2010s
51Fjme0JiitpyXKuyQiCDo,Lalala,Y2K,91,4WlC4FXhonJhNTXCQPGP3r,Lalala,2019-06-28,Pop - Pop UK - 2019 - Canadian Pop - 2019 - Pop,46Cl6dmeiylK6TRGXr7hHe,pop,post-teen pop,0.843,0.391,2,-7.899,1,0.0845,0.181,0.0,0.137,0.496,129.972,160627,2019-06-28,2019,2010s
0RiRZpuVRbi7oqRdSMwhQY,Sunflower - Spider-Man: Into the Spider-Verse,Post Malone,87,4g1ZRSobMefqF6nelkgibi,Hollywood's Bleeding,2019-09-06,Pop - Pop UK - 2019 - Canadian Pop - 2019 - Pop,46Cl6dmeiylK6TRGXr7hHe,pop,post-teen pop,0.755,0.522,2,-4.368,1,0.0575,0.533,0.0,0.0685,0.925,89.96,157560,2019-09-06,2019,2010s
56AMYGJzxBO6p8v0wEe9de,Hot (Remix) [feat. Gunna and Travis Scott],Young Thug,86,7hXWMVDn9SVV7zNYiQGvWO,Hot (Remix) [feat. Gunna and Travis Scott],2019-11-01,Pop - Pop UK - 2019 - Canadian Pop - 2019 - Pop,46Cl6dmeiylK6TRGXr7hHe,pop,post-teen pop,0.845,0.631,7,-8.206,0,0.216,0.188,0.0,0.0806,0.545,111.983,279907,2019-11-01,2019,2010s
07Oz5StQ7GRoygNLaXs2pd,Good as Hell (feat. Ariana Grande) - Remix,Lizzo,89,1k1HuvFs562Z3CCiSYhtc1,Good as Hell (feat. Ariana Grande) [Remix],2019-10-25,Pop - Pop UK - 2019 - Canadian Pop - 2019 - Pop,46Cl6dmeiylK6TRGXr7hHe,pop,post-teen pop,0.668,0.892,5,-3.001,0,0.0645,0.298,0.0,0.735,0.478,95.927,159011,2019-10-25,2019,2010s
3jbT1Y5MoPwEIpZndDDwVq,Adicto (with Anuel AA & Ozuna),Tainy,90,7nqA49hzXJWPH4cnM8nk6x,Adicto (with Anuel AA & Ozuna),2019-08-22,Pop - Pop UK - 2019 - Canadian Pop - 2019 - Pop,46Cl6dmeiylK6TRGXr7hHe,pop,post-teen pop,0.734,0.836,10,-4.803,0,0.0735,0.017,1.64e-05,0.179,0.623,80.002,270741,2019-08-22,2019,2010s
1lOe9qE0vR9zwWQAOk6CoO,Ransom,Lil Tecca,90,1I6FpscJIfwf4T56VxGVsB,We Love You Tecca,2019-08-30,Pop - Pop UK - 2019 - Canadian Pop - 2019 - Pop,46Cl6dmeiylK6TRGXr7hHe,pop,post-teen pop,0.745,0.642,7,-6.257,0,0.287,0.0204,0.0,0.0658,0.226,179.974,131240,2019-08-30,2019,2010s
0fea68AdmYNygeTGI4RC18,LA CANCI√ìN,J Balvin,91,6ylFfzx32ICw4L1A7YWNLN,OASIS,2019-06-28,Pop - Pop UK - 2019 - Canadian Pop - 2019 - Pop,46Cl6dmeiylK6TRGXr7hHe,pop,post-teen pop,0.754,0.646,7,-5.795,1,0.317,0.152,1.85e-05,0.108,0.429,176.089,242573,2019-06-28,2019,2010s
6V9fHiv84WlVTg7CSnIVY2,Graveyard,Halsey,87,66QwiCFDLtRbrZ5Vs9wlL9,Graveyard,2019-09-13,Pop - Pop UK - 2019 - Canadian Pop - 2019 - Pop,46Cl6dmeiylK6TRGXr7hHe,pop,post-teen pop,0.667,0.583,11,-5.127,0,0.0747,0.231,4.48e-05,0.181,0.187,92.043,181806,2019-09-13,2019,2010s
2TH65lNHgvLxCKXM3apjxI,Callaita,Bad Bunny,90,06S3Qjh4QWLtn6c7CVhYh7,Callaita,2019-05-31,Pop - Pop UK - 2019 - Canadian Pop - 2019 - Pop,46Cl6dmeiylK6TRGXr7hHe,pop,post-teen pop,0.61,0.624,2,-4.773,1,0.309,0.6,2.12e-06,0.243,0.244,176.169,250534,2019-05-31,2019,2010s
7CZyCXKG6d5ALeq41sLzbw,Take What You Want (feat. Ozzy Osbourne & Travis Scott),Post Malone,87,4g1ZRSobMefqF6nelkgibi,Hollywood's Bleeding,2019-09-06,Pop - Pop UK - 2019 - Canadian Pop - 2019 - Pop,46Cl6dmeiylK6TRGXr7hHe,pop,post-teen pop,0.499,0.8,1,-2.665,0,0.0502,0.0906,0.0,0.147,0.272,139.919,229573,2019-09-06,2019,2010s
7CHi4DtfK4heMlQaudCuHK,Lose Control,MEDUZA,91,1qSOaTvsCOyFJya3v1UzkP,Lose Control,2019-10-11,Pop - Pop UK - 2019 - Canadian Pop - 2019 - Pop,46Cl6dmeiylK6TRGXr7hHe,pop,post-teen pop,0.598,0.526,10,-8.659,0,0.0415,0.129,0.0,0.14,0.529,123.935,168387,2019-10-11,2019,2010s
4R8BJggjosTswLxtkw8V7P,No Me Conoce - Remix,Jhay Cortez,86,1V9QpD8kjA2iHCElhFGvlo,Famouz,2019-05-24,Pop - Pop UK - 2019 - Canadian Pop - 2019 - Pop,46Cl6dmeiylK6TRGXr7hHe,pop,post-teen pop,0.806,0.786,10,-3.831,0,0.0741,0.145,0.0,0.0935,0.58,91.973,309120,2019-05-24,2019,2010s
6mAN61JH0dzyZpWslS11jy,Fantasias,Rauw Alejandro,92,1Flcx9eDuv7pTGM9nJBmGL,Fantasias,2019-08-29,Pop - Pop UK - 2019 - Canadian Pop - 2019 - Pop,46Cl6dmeiylK6TRGXr7hHe,pop,post-teen pop,0.879,0.703,1,-4.219,1,0.0701,0.143,0.0,0.0569,0.788,94.004,199711,2019-08-29,2019,2010s
6osaMSJh9NguagEDQcZaKx,Loco Contigo (feat. J. Balvin & Tyga),DJ Snake,88,2MFS6WG6jnPAgvJpV3PehR,Carte Blanche,2019-07-25,Pop - Pop UK - 2019 - Canadian Pop - 2019 - Pop,46Cl6dmeiylK6TRGXr7hHe,pop,post-teen pop,0.694,0.758,11,-2.986,1,0.218,0.278,1.34e-06,0.102,0.371,192.091,185195,2019-07-25,2019,2010s
4sjiIpEv617LDXaidKioOI,223's (feat. 9lokknine),YNW Melly,85,7cekEHNPgpKwVd9kJE9G8F,223's (feat. 9lokknine),2019-08-09,Pop - Pop UK - 2019 - Canadian Pop - 2019 - Pop,46Cl6dmeiylK6TRGXr7hHe,pop,post-teen pop,0.932,0.547,0,-7.787,0,0.333,0.0388,0.0,0.0924,0.695,94.998,176640,2019-08-09,2019,2010s
6Y4PDQv4XjYjHLeLmvyOt0,Si Te Vas,Sech,88,2S6p0g6YzG3609Ty45i5Cq,Si Te Vas,2019-09-26,Pop - Pop UK - 2019 - Canadian Pop - 2019 - Pop,46Cl6dmeiylK6TRGXr7hHe,pop,post-teen pop,0.732,0.644,0,-4.124,1,0.132,0.0934,4.54e-06,0.143,0.554,174.1,204907,2019-09-26,2019,2010s
6RyaV7owmVU6fzEPE17sF1,Que Tire Pa Lante,Daddy Yankee,90,155yGQqPxsYkhV7zQyL95t,Que Tire Pa Lante,2019-10-18,Pop - Pop UK - 2019 - Canadian Pop - 2019 - Pop,46Cl6dmeiylK6TRGXr7hHe,pop,post-teen pop,0.658,0.901,7,-2.814,1,0.0357,0.0478,0.0,0.12,0.708,93.979,210520,2019-10-18,2019,2010s
2YpeDb67231RjR0MgVLzsG,Old Town Road - Remix,Lil Nas X,90,4IRiXE5NROxknUSAUSjMoO,7 EP,2019-06-21,Pop - Pop UK - 2019 - Canadian Pop - 2019 - Pop,46Cl6dmeiylK6TRGXr7hHe,pop,post-teen pop,0.878,0.619,6,-5.56,1,0.102,0.0533,0.0,0.113,0.639,136.041,157067,2019-06-21,2019,2010s
7BlBVFwvbWvcwNcUarQmjk,"Yo x Ti, Tu x Mi",ROSAL√çA,88,3844bY26oeSkqd06th4EYp,"Yo x Ti, Tu x Mi",2019-08-15,Pop - Pop UK - 2019 - Canadian Pop - 2019 - Pop,46Cl6dmeiylK6TRGXr7hHe,pop,post-teen pop,0.78,0.759,1,-3.292,1,0.225,0.462,0.000868,0.143,0.579,91.952,201040,2019-08-15,2019,2010s
3cphb8kdsjElYR7r5icK3H,Nice To Meet Ya,Niall Horan,87,3KrYBAbfxlssMirZLs6HzZ,Nice To Meet Ya,2019-10-04,Pop - Pop UK - 2019 - Canadian Pop - 2019 - Pop,46Cl6dmeiylK6TRGXr7hHe,pop,post-teen pop,0.591,0.841,4,-4.351,0,0.0304,0.0119,0.0,0.395,0.392,109.034,158805,2019-10-04,2019,2010s
4evmHXcjt3bTUHD1cvny97,Beautiful People (feat. Khalid),Ed Sheeran,89,3E12WU80fDMyu7GyIAx7wJ,Beautiful People (feat. Khalid),2019-06-28,Pop - Pop UK - 2019 - Canadian Pop - 2019 - Pop,46Cl6dmeiylK6TRGXr7hHe,pop,post-teen pop,0.64,0.648,5,-8.113,0,0.187,0.124,0.0,0.0802,0.548,92.977,197867,2019-06-28,2019,2010s
4Of7rzpRpV1mWRbhp5rAqG,Bruises,Lewis Capaldi,86,5658aM19fA3JVwTK6eQX70,Divinely Uninspired To A Hellish Extent,2019-05-17,Pop - Pop UK - 2019 - Canadian Pop - 2019 - Pop,46Cl6dmeiylK6TRGXr7hHe,pop,post-teen pop,0.736,0.308,4,-7.83,1,0.0677,0.946,0.0,0.186,0.361,111.202,220492,2019-05-17,2019,2010s
5a6pdCHlWS2ekOOQ70QnAr,July,Noah Cyrus,88,2YQptVBjUJeIOBavD1AyXg,July,2019-07-31,Pop - Pop UK - 2019 - Canadian Pop - 2019 - Pop,46Cl6dmeiylK6TRGXr7hHe,pop,post-teen pop,0.708,0.186,9,-8.953,0,0.0422,0.868,0.0,0.0779,0.321,72.541,156107,2019-07-31,2019,2010s
2dpaYNEQHiRxtZbfNsse99,Happier,Marshmello,89,78EicdHZr5XBWD7llEZ1Jh,Happier,2018-08-17,Pop - Pop UK - 2019 - Canadian Pop - 2019 - Pop,46Cl6dmeiylK6TRGXr7hHe,pop,post-teen pop,0.687,0.792,5,-2.749,1,0.0452,0.191,0.0,0.167,0.671,100.015,214290,2018-08-17,2018,2010s
22vgEDb5hykfaTwLuskFGD,Sucker,Jonas Brothers,87,1Uf67JAtkVWfdydzFFqNF2,Happiness Begins,2019-06-07,The Sound of Post-Teen Pop,10FCW9lj0NdeoYI5VVvVtY,pop,post-teen pop,0.842,0.734,1,-5.065,0,0.0588,0.0427,0.0,0.106,0.952,137.958,181027,2019-06-07,2019,2010s
7HMmFQsKsljwTw8bS7lu19,Rare,Selena Gomez,88,3YPFaTR7WMi1Hd4NVKdCJx,Rare,2020-01-10,The Sound of Post-Teen Pop,10FCW9lj0NdeoYI5VVvVtY,pop,post-teen pop,0.838,0.545,5,-6.713,1,0.0706,0.208,8.01e-05,0.103,0.631,114.998,220590,2020-01-10,2020,
5PYQUBXc7NYeI1obMKSJK0,Never Really Over,Katy Perry,85,3KjXg0MDej2pG9fv6I22lT,Never Really Over,2019-05-31,The Sound of Post-Teen Pop,10FCW9lj0NdeoYI5VVvVtY,pop,post-teen pop,0.77,0.882,8,-4.792,1,0.0602,0.194,0.0,0.316,0.385,99.991,223523,2019-05-31,2019,2010s
3yOlyBJuViE2YSGn3nVE1K,My Oh My (feat. DaBaby),Camila Cabello,94,3Vsbl0diFGw8HNSjG8ue9m,Romance,2019-12-06,The Sound of Post-Teen Pop,10FCW9lj0NdeoYI5VVvVtY,pop,post-teen pop,0.724,0.491,8,-6.024,1,0.0296,0.018,1.29e-05,0.0887,0.383,105.046,170746,2019-12-06,2019,2010s
41L3O37CECZt3N7ziG2z7l,Yummy,Justin Bieber,95,1SN6N3fNkZk5oXQ9X46QZ3,Yummy,2020-01-03,The Sound of Post-Teen Pop,10FCW9lj0NdeoYI5VVvVtY,pop,post-teen pop,0.662,0.519,9,-6.554,0,0.106,0.404,0.0,0.121,0.495,145.841,210427,2020-01-03,2020,
3ZCTVFBt2Brf31RLEnCkWJ,everything i wanted,Billie Eilish,97,4i3rAwPw7Ln2YrKDusaWyT,everything i wanted,2019-11-13,"post-teen alternative, indie, pop (large variety)",1y42gwI5cuwjBslPyQNfqb,pop,post-teen pop,0.704,0.225,6,-14.454,0,0.0994,0.902,0.657,0.106,0.243,120.006,245426,2019-11-13,2019,2010s
2XU0oxnq2qxCpomAAuJY8K,Dance Monkey,Tones and I,100,0UywfDKYlyiu1b38DRrzYD,Dance Monkey (Stripped Back) / Dance Monkey,2019-10-17,"post-teen alternative, indie, pop (large variety)",1y42gwI5cuwjBslPyQNfqb,pop,post-teen pop,0.824,0.588,6,-6.4,0,0.0924,0.692,0.000104,0.149,0.513,98.027,209438,2019-10-17,2019,2010s
2kJwzbxV2ppxnQoYw4GLBZ,If The World Was Ending (feat. Julia Michaels),JP Saxe,88,7BrlhEO8dHiNmU8A1Ep9RZ,If The World Was Ending (feat. Julia Michaels),2019-10-17,"post-teen alternative, indie, pop (large variety)",1y42gwI5cuwjBslPyQNfqb,pop,post-teen pop,0.464,0.473,1,-10.086,1,0.129,0.866,0.0,0.109,0.604,75.801,208687,2019-10-17,2019,2010s
1mpD5Q8IM32I4bF6eCpU74,Up All Night,Khalid,87,2pSH41L4EXqhGHyTjM2dA2,Up All Night,2019-11-14,"post-teen alternative, indie, pop (large variety)",1y42gwI5cuwjBslPyQNfqb,pop,post-teen pop,0.665,0.712,1,-7.536,1,0.0527,0.00103,0.00342,0.102,0.669,93.989,157220,2019-11-14,2019,2010s
5DqdesEfbRyOlSS3Tf6c29,It's You,Ali Gatie,89,63Kr9mdWxT7mB2AKgf4rCa,YOU,2019-11-08,"post-teen alternative, indie, pop (large variety)",1y42gwI5cuwjBslPyQNfqb,pop,post-teen pop,0.732,0.463,11,-6.972,0,0.0287,0.374,0.0,0.194,0.397,95.971,212607,2019-11-08,2019,2010s
25sgk305KZfyuqVBQIahim,Sweet but Psycho,Ava Max,87,7CdLU3GgPy1PH5FVsrPlyA,Sweet but Psycho,2018-08-17,"post-teen alternative, indie, pop (large variety)",1y42gwI5cuwjBslPyQNfqb,pop,post-teen pop,0.719,0.704,1,-4.724,1,0.0476,0.0691,0.0,0.166,0.628,133.002,187436,2018-08-17,2018,2010s
3g0mEQx3NTanacLseoP0Gw,Takeaway,The Chainsmokers,85,01GR4NL5O5CZM51k0aejKD,World War Joy,2019-12-06,"post-teen alternative, indie, pop (large variety)",1y42gwI5cuwjBslPyQNfqb,pop,post-teen pop,0.528,0.511,3,-8.144,1,0.0324,0.126,0.0,0.101,0.351,100.1,209880,2019-12-06,2019,2010s
0sf12qNH5qcw8qpgymFOqD,Blinding Lights,The Weeknd,98,2ZfHkwHuoAZrlz7RMj0PDz,Blinding Lights,2019-11-29,"post-teen alternative, indie, pop (large variety)",1y42gwI5cuwjBslPyQNfqb,pop,post-teen pop,0.513,0.796,1,-4.075,1,0.0629,0.00147,0.000209,0.0938,0.345,171.017,201573,2019-11-29,2019,2010s
1e9oZCCiX42nJl0AcqriVo,Watermelon Sugar,Harry Styles,90,659e2eKbsMH0vYCs5qgFmy,Watermelon Sugar,2019-11-17,"post-teen alternative, indie, pop (large variety)",1y42gwI5cuwjBslPyQNfqb,pop,post-teen pop,0.548,0.816,0,-4.209,1,0.0465,0.122,0.0,0.335,0.557,95.39,174000,2019-11-17,2019,2010s
3e9HZxeyfWwjeyPAMmWSSQ,"thank u, next",Ariana Grande,87,2fYhqwDWXjbpjaIJPEfKFw,"thank u, next",2019-02-08,Post pop teen,222nc9tKxKhfZ2GBrOpwH3,pop,post-teen pop,0.717,0.653,1,-5.634,1,0.0658,0.229,0.0,0.101,0.412,106.966,207320,2019-02-08,2019,2010s
7BKLCZ1jbUBVqRi2FVlTVw,Closer (feat. Halsey),The Chainsmokers,85,0rSLgV8p5FzfnqlEk4GzxE,Closer (feat. Halsey),2016-07-29,Post pop teen,222nc9tKxKhfZ2GBrOpwH3,pop,post-teen pop,0.748,0.524,8,-5.599,1,0.0338,0.414,0.0,0.111,0.661,95.01,244960,2016-07-29,2016,2010s
7ef4DlsgrMEH11cDZd32M6,One Kiss (with Dua Lipa),Calvin Harris,85,7GEzhoTiqcPYkOprWQu581,One Kiss (with Dua Lipa),2018-04-06,Post pop teen,222nc9tKxKhfZ2GBrOpwH3,pop,post-teen pop,0.791,0.862,9,-3.24,0,0.11,0.037,2.19e-05,0.0814,0.592,123.994,214847,2018-04-06,2018,2010s
5WHTFyqSii0lmT9R21abT8,Don't Call Me Up,Mabel,85,0syM7OUAhV7S6XmOa4nLUZ,Ivy To Roses (Mixtape),2019-01-18,Post pop teen,222nc9tKxKhfZ2GBrOpwH3,pop,post-teen pop,0.674,0.881,9,-2.853,1,0.147,0.296,3.01e-06,0.0793,0.234,98.994,178480,2019-01-18,2019,2010s
3U4isOIWM3VvDubwSI3y7a,All of Me,John Legend,85,4OTAx9un4e6NfoHuVRiOrC,Love In The Future (Expanded Edition),2013-08-30,Post pop teen,222nc9tKxKhfZ2GBrOpwH3,pop,post-teen pop,0.422,0.264,8,-7.064,1,0.0322,0.922,0.0,0.132,0.331,119.93,269560,2013-08-30,2013,2010s
5uCax9HTNlzGybIStD3vDh,Say You Won't Let Go,James Arthur,85,7oiJYvEJHsmYtrgviAVIBD,Back from the Edge,2016-10-28,Post pop teen,222nc9tKxKhfZ2GBrOpwH3,pop,post-teen pop,0.358,0.557,10,-7.398,1,0.059,0.695,0.0,0.0902,0.494,85.043,211467,2016-10-28,2016,2010s
3KkXRkHbMCARz0aVfEt68P,Sunflower - Spider-Man: Into the Spider-Verse,Post Malone,88,35s58BRTGAEWztPo9WqCIs,Spider-Man: Into the Spider-Verse (Soundtrack From & Inspired by the Motion Picture),2018-12-14,Post pop teen,222nc9tKxKhfZ2GBrOpwH3,pop,post-teen pop,0.76,0.479,2,-5.574,1,0.0466,0.556,0.0,0.0703,0.913,89.911,158040,2018-12-14,2018,2010s
4l0Mvzj72xxOpRrp6h8nHi,Lose You To Love Me,Selena Gomez,85,3YPFaTR7WMi1Hd4NVKdCJx,Rare,2020-01-10,Intro to Post-Teen Pop,6o6MNYZqHSkMAKcCHPNu7K,pop,post-teen pop,0.488,0.343,4,-8.985,1,0.0436,0.556,0.0,0.21,0.0978,102.819,206459,2020-01-10,2020,
3jjujdWJ72nww5eGnfs2E7,Adore You,Harry Styles,88,7xV2TzoaVc0ycW7fwBwAml,Fine Line,2019-12-13,Intro to Post-Teen Pop,6o6MNYZqHSkMAKcCHPNu7K,pop,post-teen pop,0.676,0.771,8,-3.675,1,0.0483,0.0237,7e-06,0.102,0.569,99.048,207133,2019-12-13,2019,2010s
6ocbgoVGwYJhOv1GgI9NsF,7 rings,Ariana Grande,90,2fYhqwDWXjbpjaIJPEfKFw,"thank u, next",2019-02-08,Intro to Post-Teen Pop,6o6MNYZqHSkMAKcCHPNu7K,pop,post-teen pop,0.778,0.317,1,-10.732,0,0.334,0.592,0.0,0.0881,0.327,140.048,178627,2019-02-08,2019,2010s
5p7ujcrUXASCNwRaWNHR1C,Without Me,Halsey,88,0zzrCTzvL4ZmR42xF46Afm,Without Me,2018-10-04,Intro to Post-Teen Pop,6o6MNYZqHSkMAKcCHPNu7K,pop,post-teen pop,0.752,0.488,6,-7.05,1,0.0705,0.297,9.11e-06,0.0936,0.533,136.041,201661,2018-10-04,2018,2010s
6RRNNciQGZEXnqk8SQ9yv5,You Need To Calm Down,Taylor Swift,86,1NAmidJlEaVgA3MpcPFYGq,Lover,2019-08-23,Intro to Post-Teen Pop,6o6MNYZqHSkMAKcCHPNu7K,pop,post-teen pop,0.771,0.671,2,-5.617,1,0.0553,0.00929,0.0,0.0637,0.714,85.026,171360,2019-08-23,2019,2010s
6kls8cSlUyHW2BUOkDJIZE,Hate Me (with Juice WRLD),Ellie Goulding,88,29FoTD5vBY3Fq1QWhbl3FM,Hate Me (with Juice WRLD),2019-06-26,Intro to Post-Teen Pop,6o6MNYZqHSkMAKcCHPNu7K,pop,post-teen pop,0.657,0.768,8,-4.628,1,0.0507,0.108,0.0,0.144,0.759,75.025,186223,2019-06-26,2019,2010s
2usxQITOSDqvkYiI0oIwao,You should be sad,Halsey,86,1gBDGPFz9v93dxE3fUU9eO,You should be sad,2020-01-10,ü§©ü§™Post Teen Popü§™ü§©,6IT8LGpwLw3Pt2XnVUBN7j,pop,post-teen pop,0.591,0.585,2,-6.35,1,0.0277,0.143,0.0,0.109,0.324,110.94,205473,2020-01-10,2020,
1wJRveJZLSb1rjhnUHQiv6,Swervin (feat. 6ix9ine),A Boogie Wit da Hoodie,85,3r5hf3Cj3EMh1C2saQ8jyt,Hoodie SZN,2018-12-21,Someone You Loved Lewis Capaldi (Pop Music Mix),6IErGHjBfhey8URq0mFnPi,pop,post-teen pop,0.581,0.662,9,-5.239,1,0.303,0.0153,0.0,0.111,0.434,93.023,189487,2018-12-21,2018,2010s
7dt6x5M1jzdTEt8oCbisTK,Better Now,Post Malone,87,6trNtQUgC8cgbWcqoMYkOR,beerbongs & bentleys,2018-04-27,Someone You Loved Lewis Capaldi (Pop Music Mix),6IErGHjBfhey8URq0mFnPi,pop,post-teen pop,0.68,0.578,10,-5.804,1,0.04,0.331,0.0,0.135,0.341,145.038,231267,2018-04-27,2018,2010s
2xLMifQCjDGFmkHkpNLD9h,SICKO MODE,Travis Scott,87,41GuZcammIkupMPKH2OJ6I,ASTROWORLD,2018-08-03,Someone You Loved Lewis Capaldi (Pop Music Mix),6IErGHjBfhey8URq0mFnPi,pop,post-teen pop,0.834,0.73,8,-3.714,1,0.222,0.00513,0.0,0.124,0.446,155.008,312820,2018-08-03,2018,2010s
2IRZnDFmlqMuOrYOLnZZyc,Going Bad (feat. Drake),Meek Mill,85,6UYZEYjpN1DYRW0kqFy9ZE,Championships,2018-11-30,Someone You Loved Lewis Capaldi (Pop Music Mix),6IErGHjBfhey8URq0mFnPi,pop,post-teen pop,0.889,0.496,4,-6.365,0,0.0905,0.259,0.0,0.252,0.544,86.003,180522,2018-11-30,2018,2010s
1zB4vmk8tFRmM9UULNzbLB,Thunder,Imagine Dragons,85,33pt9HBdGlAbRGBHQgsZsU,Evolve,2017-06-23,Dr. Q's Prescription Playlistüíä,6jAPdgY9XmxC9cgkXAVmVv,pop,post-teen pop,0.605,0.822,0,-4.833,1,0.0438,0.00671,0.134,0.147,0.288,167.997,187147,2017-06-23,2017,2010s
3GRSqlALWISqLeNncZMbpX,Mean It,Lauv,85,4aoWQU2gSUjl4AZeCPSo1b,~how i'm feeling~,2019-11-14,a taste of the mainstream,4gbXqmZDUFHqlaYjf4uVyS,pop,post-teen pop,0.746,0.45,7,-8.543,1,0.0872,0.0407,0.0,0.172,0.336,95.998,232853,2019-11-14,2019,2010s
6Qs4SXO9dwPj5GKvVOv8Ki,Dancing With A Stranger (with Normani),Sam Smith,87,1V9oE8bVilClrk5naqyyvL,Dancing With A Stranger (with Normani),2019-01-11,Post Teen Pop,2Aud8PXoTGcyY5esHu4Aaz,pop,post-teen pop,0.741,0.52,8,-7.513,1,0.0656,0.45,1.97e-06,0.222,0.347,102.998,171030,2019-01-11,2019,2010s
1rqqCSm0Qe4I9rUvWncaom,High Hopes,Panic! At The Disco,86,6ApYSpXF8GxZAgBTHDzYge,Pray for the Wicked,2018-06-22,Post Teen Pop,2Aud8PXoTGcyY5esHu4Aaz,pop,post-teen pop,0.579,0.904,5,-2.729,1,0.0618,0.193,0.0,0.064,0.681,82.014,190947,2018-06-22,2018,2010s
7qiZfU4dY1lWllzX7mPBI3,Shape of You,Ed Sheeran,86,3T4tUhGYeRNVUGevb0wThu,√∑ (Deluxe),2017-03-03,post teen pop,6rjxP7GQKoqqgoakzxl3PY,pop,post-teen pop,0.825,0.652,1,-3.183,0,0.0802,0.581,0.0,0.0931,0.931,95.977,233713,2017-03-03,2017,2010s
7BKLCZ1jbUBVqRi2FVlTVw,Closer (feat. Halsey),The Chainsmokers,85,0rSLgV8p5FzfnqlEk4GzxE,Closer (feat. Halsey),2016-07-29,Electropop Hits  2017-2020,7kyvBmlc1uSqsTL0EuNLrx,pop,electropop,0.748,0.524,8,-5.599,1,0.0338,0.414,0.0,0.111,0.661,95.01,244960,2016-07-29,2016,2010s
7dt6x5M1jzdTEt8oCbisTK,Better Now,Post Malone,87,6trNtQUgC8cgbWcqoMYkOR,beerbongs & bentleys,2018-04-27,Electropop 2019,4Bi8VLtaSu0JILliif8lH6,pop,electropop,0.68,0.578,10,-5.804,1,0.04,0.331,0.0,0.135,0.341,145.038,231267,2018-04-27,2018,2010s
5p7ujcrUXASCNwRaWNHR1C,Without Me,Halsey,88,0zzrCTzvL4ZmR42xF46Afm,Without Me,2018-10-04,Electropop 2019,4Bi8VLtaSu0JILliif8lH6,pop,electropop,0.752,0.488,6,-7.05,1,0.0705,0.297,9.11e-06,0.0936,0.533,136.041,201661,2018-10-04,2018,2010s
2dpaYNEQHiRxtZbfNsse99,Happier,Marshmello,89,78EicdHZr5XBWD7llEZ1Jh,Happier,2018-08-17,Electropop 2019,4Bi8VLtaSu0JILliif8lH6,pop,electropop,0.687,0.792,5,-2.749,1,0.0452,0.191,0.0,0.167,0.671,100.015,214290,2018-08-17,2018,2010s
6Qs4SXO9dwPj5GKvVOv8Ki,Dancing With A Stranger (with Normani),Sam Smith,87,1V9oE8bVilClrk5naqyyvL,Dancing With A Stranger (with Normani),2019-01-11,Electropop 2019,4Bi8VLtaSu0JILliif8lH6,pop,electropop,0.741,0.52,8,-7.513,1,0.0656,0.45,1.97e-06,0.222,0.347,102.998,171030,2019-01-11,2019,2010s
25sgk305KZfyuqVBQIahim,Sweet but Psycho,Ava Max,87,7CdLU3GgPy1PH5FVsrPlyA,Sweet but Psycho,2018-08-17,Electropop 2019,4Bi8VLtaSu0JILliif8lH6,pop,electropop,0.719,0.704,1,-4.724,1,0.0476,0.0691,0.0,0.166,0.628,133.002,187436,2018-08-17,2018,2010s
5WHTFyqSii0lmT9R21abT8,Don't Call Me Up,Mabel,85,0syM7OUAhV7S6XmOa4nLUZ,Ivy To Roses (Mixtape),2019-01-18,Electropop 2019,4Bi8VLtaSu0JILliif8lH6,pop,electropop,0.674,0.881,9,-2.853,1,0.147,0.296,3.01e-06,0.0793,0.234,98.994,178480,2019-01-18,2019,2010s
1zB4vmk8tFRmM9UULNzbLB,Thunder,Imagine Dragons,85,33pt9HBdGlAbRGBHQgsZsU,Evolve,2017-06-23,ElectroPop 2020,4frhr6RQM2fMOm2mpvOVo6,pop,electropop,0.605,0.822,0,-4.833,1,0.0438,0.00671,0.134,0.147,0.288,167.997,187147,2017-06-23,2017,2010s
7qiZfU4dY1lWllzX7mPBI3,Shape of You,Ed Sheeran,86,3T4tUhGYeRNVUGevb0wThu,√∑ (Deluxe),2017-03-03,ElectroPop 2020,4frhr6RQM2fMOm2mpvOVo6,pop,electropop,0.825,0.652,1,-3.183,0,0.0802,0.581,0.0,0.0931,0.931,95.977,233713,2017-03-03,2017,2010s
6DCZcSspjsKoFjzjrWoCdn,God's Plan,Drake,86,1ATL5GLyefJaxhQzSPVrLX,Scorpion,2018-06-29,ELECTROPOPüêπ,44p8nNLe4fGfUeArS3MaIX,pop,electropop,0.754,0.449,7,-9.211,1,0.109,0.0332,8.29e-05,0.552,0.357,77.169,198973,2018-06-29,2018,2010s
1rqqCSm0Qe4I9rUvWncaom,High Hopes,Panic! At The Disco,86,6ApYSpXF8GxZAgBTHDzYge,Pray for the Wicked,2018-06-22,Electropop,2Z5cPJ6Z4EVZAfF08amjvL,pop,electropop,0.579,0.904,5,-2.729,1,0.0618,0.193,0.0,0.064,0.681,82.014,190947,2018-06-22,2018,2010s
4ZLzoOkj0MPWrTLvooIuaa,Get You The Moon (feat. Sn√∏w),Kina,86,5LZSpPoBVBsh6kRSEKfPQ8,Get You The Moon (feat. Sn√∏w),2018-10-08,Electropop,2Z5cPJ6Z4EVZAfF08amjvL,pop,electropop,0.498,0.235,1,-16.541,0,0.188,0.72,0.0,0.144,0.0895,118.917,179080,2018-10-08,2018,2010s
7aiClxsDWFRQ0Kzk5KI5ku,hot girl bummer,blackbear,94,37CqAwxTungNxKpIK5vSgE,hot girl bummer,2019-08-23,Electropop,2Z5cPJ6Z4EVZAfF08amjvL,pop,electropop,0.778,0.559,6,-7.109,0,0.0776,0.128,0.0,0.399,0.678,129.989,185093,2019-08-23,2019,2010s
6gBFPUFcJLzWGx4lenP6h2,goosebumps,Travis Scott,86,42WVQWuf1teDysXiOupIZt,Birds In The Trap Sing McKnight,2016-09-16,Electropop,2Z5cPJ6Z4EVZAfF08amjvL,pop,electropop,0.841,0.728,7,-3.37,1,0.0484,0.0847,0.0,0.149,0.43,130.049,243837,2016-09-16,2016,2010s
1VJwtWR6z7SpZRwipI12be,Candy,Doja Cat,85,54tInqO543zy0Y5F2VsUQI,Amala,2018-03-30,Electropop,2Z5cPJ6Z4EVZAfF08amjvL,pop,electropop,0.689,0.516,8,-5.857,1,0.0444,0.513,0.0,0.163,0.209,124.876,190920,2018-03-30,2018,2010s
4TnjEaWOeW0eKTKIEvJyCa,Falling,Trevor Daniel,97,1Czfd5tEby3DbdYNdqzrCa,Falling,2018-10-05,Electropop,2Z5cPJ6Z4EVZAfF08amjvL,pop,electropop,0.784,0.43,10,-8.756,0,0.0364,0.123,0.0,0.0887,0.236,127.087,159382,2018-10-05,2018,2010s
7ef4DlsgrMEH11cDZd32M6,One Kiss (with Dua Lipa),Calvin Harris,85,7GEzhoTiqcPYkOprWQu581,One Kiss (with Dua Lipa),2018-04-06,Mix ElectroPop//ElectroHouse// DeepHouse 2020,23swqzpOZwW1NhPiZ7iyFI,pop,electropop,0.791,0.862,9,-3.24,0,0.11,0.037,2.19e-05,0.0814,0.592,123.994,214847,2018-04-06,2018,2010s
3e9HZxeyfWwjeyPAMmWSSQ,"thank u, next",Ariana Grande,87,2fYhqwDWXjbpjaIJPEfKFw,"thank u, next",2019-02-08,10er Playlist,1kEczIkZH8IgaWT2BiApxZ,pop,electropop,0.717,0.653,1,-5.634,1,0.0658,0.229,0.0,0.101,0.412,106.966,207320,2019-02-08,2019,2010s
5uCax9HTNlzGybIStD3vDh,Say You Won't Let Go,James Arthur,85,7oiJYvEJHsmYtrgviAVIBD,Back from the Edge,2016-10-28,10er Playlist,1kEczIkZH8IgaWT2BiApxZ,pop,electropop,0.358,0.557,10,-7.398,1,0.059,0.695,0.0,0.0902,0.494,85.043,211467,2016-10-28,2016,2010s
3GRSqlALWISqLeNncZMbpX,Mean It,Lauv,85,4aoWQU2gSUjl4AZeCPSo1b,~how i'm feeling~,2019-11-14,"Indie Poptimism (PUBLIC, The Band CAMINO, lovelytheband)",69yb02k0ZOmukYaxJXwp76,pop,indie poptimism,0.746,0.45,7,-8.543,1,0.0872,0.0407,0.0,0.172,0.336,95.998,232853,2019-11-14,2019,2010s
6b2RcmUt1g9N9mQ3CbjX2Y,How Do You Sleep?,Sam Smith,91,7baaCf70tVcUBL2bbkuXjo,How Do You Sleep?,2019-07-19,POPTIMISM,6lWMi4lPiiPwDqn8ZpeyAY,pop,indie poptimism,0.477,0.682,1,-4.931,0,0.0925,0.153,0.0,0.0763,0.345,110.567,202205,2019-07-19,2019,2010s
7LzouaWGFCy4tkXDOOnEyM,Liar,Camila Cabello,87,3xgS4rfthlsvhW7J2WLiiR,Liar,2019-09-04,POPTIMISM,6lWMi4lPiiPwDqn8ZpeyAY,pop,indie poptimism,0.74,0.498,11,-6.684,0,0.0456,0.0169,0.00282,0.319,0.652,98.016,207039,2019-09-04,2019,2010s
6V9fHiv84WlVTg7CSnIVY2,Graveyard,Halsey,87,66QwiCFDLtRbrZ5Vs9wlL9,Graveyard,2019-09-13,POPTIMISM,6lWMi4lPiiPwDqn8ZpeyAY,pop,indie poptimism,0.667,0.583,11,-5.127,0,0.0747,0.231,4.48e-05,0.181,0.187,92.043,181806,2019-09-13,2019,2010s
7BKLCZ1jbUBVqRi2FVlTVw,Closer (feat. Halsey),The Chainsmokers,85,0rSLgV8p5FzfnqlEk4GzxE,Closer (feat. Halsey),2016-07-29,A Loose Definition of Indie Poptimism,4ZO0wp9G8FA3X6oYNBzda6,pop,indie poptimism,0.748,0.524,8,-5.599,1,0.0338,0.414,0.0,0.111,0.661,95.01,244960,2016-07-29,2016,2010s
5w9c2J52mkdntKOmRLeM2m,Con Calma,Daddy Yankee,87,1otwHKoQ5KPaiekpYk4tWh,Con Calma,2019-01-24,indie poptimismüï∫üèª,6MQeEHHDs6HQkN5Dlj3oKo,pop,indie poptimism,0.737,0.86,8,-2.652,0,0.0593,0.11,1.94e-06,0.0574,0.656,93.989,193227,2019-01-24,2019,2010s
5PYQUBXc7NYeI1obMKSJK0,Never Really Over,Katy Perry,85,3KjXg0MDej2pG9fv6I22lT,Never Really Over,2019-05-31,indie poptimismüï∫üèª,6MQeEHHDs6HQkN5Dlj3oKo,pop,indie poptimism,0.77,0.882,8,-4.792,1,0.0602,0.194,0.0,0.316,0.385,99.991,223523,2019-05-31,2019,2010s
0TK2YIli7K1leLovkQiNik,Se√±orita,Shawn Mendes,93,2ZaX1FdZCwchXl1QZiD4O4,Se√±orita,2019-06-21,indie poptimismüï∫üèª,6MQeEHHDs6HQkN5Dlj3oKo,pop,indie poptimism,0.759,0.54,9,-6.039,0,0.0287,0.037,0.0,0.0945,0.75,116.947,190960,2019-06-21,2019,2010s
3HVWdVOQ0ZA45FuZGSfvns,I Don't Care (with Justin Bieber),Ed Sheeran,90,5Nux7ozBJ5KJ02QYWwrneR,I Don't Care (with Justin Bieber),2019-05-10,indie poptimismüï∫üèª,6MQeEHHDs6HQkN5Dlj3oKo,pop,indie poptimism,0.798,0.675,6,-5.041,1,0.0442,0.0912,0.0,0.0894,0.842,101.956,219947,2019-05-10,2019,2010s
5KawlOMHjWeUjQtnuRs22c,Boy With Luv (feat. Halsey),BTS,85,1AvXa8xFEXtR3hb4bgihIK,MAP OF THE SOUL : PERSONA,2019-04-12,indie poptimismüï∫üèª,6MQeEHHDs6HQkN5Dlj3oKo,pop,indie poptimism,0.645,0.862,11,-4.757,0,0.0965,0.0923,0.0,0.192,0.798,119.991,229773,2019-04-12,2019,2010s
3KkXRkHbMCARz0aVfEt68P,Sunflower - Spider-Man: Into the Spider-Verse,Post Malone,88,35s58BRTGAEWztPo9WqCIs,Spider-Man: Into the Spider-Verse (Soundtrack From & Inspired by the Motion Picture),2018-12-14,indie poptimismüï∫üèª,6MQeEHHDs6HQkN5Dlj3oKo,pop,indie poptimism,0.76,0.479,2,-5.574,1,0.0466,0.556,0.0,0.0703,0.913,89.911,158040,2018-12-14,2018,2010s
7ef4DlsgrMEH11cDZd32M6,One Kiss (with Dua Lipa),Calvin Harris,85,7GEzhoTiqcPYkOprWQu581,One Kiss (with Dua Lipa),2018-04-06,indie poptimismüï∫üèª,6MQeEHHDs6HQkN5Dlj3oKo,pop,indie poptimism,0.791,0.862,9,-3.24,0,0.11,0.037,2.19e-05,0.0814,0.592,123.994,214847,2018-04-06,2018,2010s
6oJ6le65B3SEqPwMRNXWjY,Higher Love,Kygo,87,4wquJImu8RtyEuDtIAsfcE,Higher Love,2019-06-28,indie poptimismüï∫üèª,6MQeEHHDs6HQkN5Dlj3oKo,pop,indie poptimism,0.693,0.678,8,-7.159,1,0.0324,0.0154,6.05e-06,0.101,0.404,103.952,228267,2019-06-28,2019,2010s
51Fjme0JiitpyXKuyQiCDo,Lalala,Y2K,91,4WlC4FXhonJhNTXCQPGP3r,Lalala,2019-06-28,indie poptimismüï∫üèª,6MQeEHHDs6HQkN5Dlj3oKo,pop,indie poptimism,0.843,0.391,2,-7.899,1,0.0845,0.181,0.0,0.137,0.496,129.972,160627,2019-06-28,2019,2010s
4yI3HpbSFSgFZtJP2kDe5m,Look At Her Now,Selena Gomez,86,4O04QLiB0lGHQlygXxiMuX,Look At Her Now,2019-10-24,indie poptimismüï∫üèª,6MQeEHHDs6HQkN5Dlj3oKo,pop,indie poptimism,0.563,0.564,10,-7.906,0,0.271,0.114,0.0254,0.304,0.55,154.355,162596,2019-10-24,2019,2010s
07Oz5StQ7GRoygNLaXs2pd,Good as Hell (feat. Ariana Grande) - Remix,Lizzo,89,1k1HuvFs562Z3CCiSYhtc1,Good as Hell (feat. Ariana Grande) [Remix],2019-10-25,indie poptimismüï∫üèª,6MQeEHHDs6HQkN5Dlj3oKo,pop,indie poptimism,0.668,0.892,5,-3.001,0,0.0645,0.298,0.0,0.735,0.478,95.927,159011,2019-10-25,2019,2010s
6WrI0LAC5M1Rw2MnX2ZvEg,Don't Start Now,Dua Lipa,97,0ix3XtPV1LwmZADsprKxcp,Don't Start Now,2019-10-31,indie poptimismüï∫üèª,6MQeEHHDs6HQkN5Dlj3oKo,pop,indie poptimism,0.794,0.793,11,-4.521,0,0.0842,0.0125,0.0,0.0952,0.677,123.941,183290,2019-10-31,2019,2010s
3yOlyBJuViE2YSGn3nVE1K,My Oh My (feat. DaBaby),Camila Cabello,94,3Vsbl0diFGw8HNSjG8ue9m,Romance,2019-12-06,indie poptimismüï∫üèª,6MQeEHHDs6HQkN5Dlj3oKo,pop,indie poptimism,0.724,0.491,8,-6.024,1,0.0296,0.018,1.29e-05,0.0887,0.383,105.046,170746,2019-12-06,2019,2010s
0sf12qNH5qcw8qpgymFOqD,Blinding Lights,The Weeknd,98,2ZfHkwHuoAZrlz7RMj0PDz,Blinding Lights,2019-11-29,indie poptimismüï∫üèª,6MQeEHHDs6HQkN5Dlj3oKo,pop,indie poptimism,0.513,0.796,1,-4.075,1,0.0629,0.00147,0.000209,0.0938,0.345,171.017,201573,2019-11-29,2019,2010s
6LcauUZjF1eXQrgqMUecHX,Ayy Macarena,Tyga,91,3Cse4lihKX7ww99QnZGQAh,Ayy Macarena,2019-11-13,indie poptimismüï∫üèª,6MQeEHHDs6HQkN5Dlj3oKo,pop,indie poptimism,0.816,0.63,2,-5.568,1,0.226,0.133,0.0,0.0692,0.715,96.493,131607,2019-11-13,2019,2010s
3jjujdWJ72nww5eGnfs2E7,Adore You,Harry Styles,88,7xV2TzoaVc0ycW7fwBwAml,Fine Line,2019-12-13,indie poptimismüï∫üèª,6MQeEHHDs6HQkN5Dlj3oKo,pop,indie poptimism,0.676,0.771,8,-3.675,1,0.0483,0.0237,7e-06,0.102,0.569,99.048,207133,2019-12-13,2019,2010s
7HMmFQsKsljwTw8bS7lu19,Rare,Selena Gomez,88,3YPFaTR7WMi1Hd4NVKdCJx,Rare,2020-01-10,indie poptimismüï∫üèª,6MQeEHHDs6HQkN5Dlj3oKo,pop,indie poptimism,0.838,0.545,5,-6.713,1,0.0706,0.208,8.01e-05,0.103,0.631,114.998,220590,2020-01-10,2020,
2Fxmhks0bxGSBdJ92vM42m,bad guy,Billie Eilish,95,0S0KGZnfBGSIssfF54WSJh,"WHEN WE ALL FALL ASLEEP, WHERE DO WE GO?",2019-03-29,Music&Other Drugs,5jROYSZSL7cO0jGAqkPx7C,pop,indie poptimism,0.701,0.425,7,-10.965,1,0.375,0.328,0.13,0.1,0.562,135.128,194088,2019-03-29,2019,2010s
3ZCTVFBt2Brf31RLEnCkWJ,everything i wanted,Billie Eilish,97,4i3rAwPw7Ln2YrKDusaWyT,everything i wanted,2019-11-13,Music&Other Drugs,5jROYSZSL7cO0jGAqkPx7C,pop,indie poptimism,0.704,0.225,6,-14.454,0,0.0994,0.902,0.657,0.106,0.243,120.006,245426,2019-11-13,2019,2010s
4SSnFejRGlZikf02HLewEF,bury a friend,Billie Eilish,87,0S0KGZnfBGSIssfF54WSJh,"WHEN WE ALL FALL ASLEEP, WHERE DO WE GO?",2019-03-29,Music&Other Drugs,5jROYSZSL7cO0jGAqkPx7C,pop,indie poptimism,0.905,0.389,8,-14.505,1,0.332,0.74,0.162,0.106,0.196,120.046,193143,2019-03-29,2019,2010s
6IRdLKIyS4p7XNiP8r6rsx,all the good girls go to hell,Billie Eilish,86,0S0KGZnfBGSIssfF54WSJh,"WHEN WE ALL FALL ASLEEP, WHERE DO WE GO?",2019-03-29,Music&Other Drugs,5jROYSZSL7cO0jGAqkPx7C,pop,indie poptimism,0.726,0.444,8,-8.922,0,0.372,0.283,0.143,0.177,0.569,185.044,168840,2019-03-29,2019,2010s
